Complexity,Loss,Equation
1,2.4223447,"-12.936967"
3,2.1173818,"x0 + -13.356943"
4,2.039652,"exp(x0) + -14.539411"
5,1.8739481,"(x1 + -13.791018) + x0"
6,1.7909625,"(x0 + -14.975172) + exp(x1)"
7,1.7228676,"(exp(x0) + exp(x1)) + -16.157898"
8,1.7206892,"exp(x1) + ((x0 / 0.5455302) + -15.325084)"
9,1.7091643,"((x0 + (x1 * x1)) / 0.5500754) + -14.212193"
11,1.6769983,"((exp(sin(x2 * 7.449214)) * x1) + -13.91942) + x0"
12,1.6097822,"exp(x0) + ((x1 * exp(sin(x2 * 7.47843))) + -15.104807)"
13,1.5808095,"((sin(3.5031846 / cos(x2)) + 2.3945618) * (x1 + x0)) + -14.4678"
14,1.5689837,"((x2 + x0) + -14.506827) + (exp(sin(exp(x2 * 2.0129101))) * x1)"
15,1.5136948,"(((x1 * exp(sin(exp(x2 * 2.0116313)))) + x2) + exp(x0)) + -15.688974"
16,1.5049355,"(x1 * exp(sin(exp(x2 * 2.0124743)))) + (((x0 * 1.7958056) + -14.840844) + x2)"
18,1.4867507,"(1.7298847 * (x2 + x0)) + ((exp(sin(exp(x2 * 1.9720373))) * (x1 + 0.31202456)) + -15.678743)"
19,1.4790943,"((x0 * 1.8592421) + -14.918342) + (exp(cos(sin(x2 * exp(x2)) * -2.0360227)) * (x1 + x2))"
