Complexity,Loss,Equation
1,2.4223447,"-12.936967"
3,2.1173818,"x0 + -13.356943"
4,2.0396523,"exp(x0) + -14.5394745"
5,1.8739481,"(x0 + -13.790885) + x1"
6,1.7909628,"(x0 + -14.975258) + exp(x1)"
7,1.742405,"((x0 + x1) * 1.7852458) + -14.461287"
8,1.7234948,"exp(x1) + ((x0 + -15.39506) + x0)"
9,1.7091646,"((x0 + (x1 * x1)) * 1.8179018) + -14.212199"
11,1.7091177,"(((x1 * 1.835525) * x1) + -14.210654) + (x0 * 1.8024775)"
13,1.6534913,"((cos(exp(x2) * 4.5617385) + 1.7399646) * x1) + (x0 + -14.156454)"
14,1.6304504,"(((exp(x0) + cos(4.593054 * exp(x2))) * x1) + x0) + -14.183848"
15,1.6116084,"((((cos(exp(x2) * 4.534528) + 1.172561) * x1) + x0) * 1.4278018) + -14.322859"
16,1.5847524,"((1.8912514 * (x0 + x1)) + (x2 * cos(6.8762336 * (-0.20333982 + x2)))) + -14.488432"
17,1.5620623,"((x1 * ((x1 * 1.7550904) + cos(exp(x2) * 4.5877085))) + -14.219821) + (x0 * 1.766275)"
18,1.5576771,"(((x0 + (x1 * x1)) * 1.8586744) + (x1 * cos((x2 + 4.091967) * 7.2647214))) + -14.22857"
19,1.5081365,"((x0 * 1.8478866) + ((x2 + x1) * ((cos(exp(x2 + 0.40794837)) + 1.3242733) * 2.3164382))) + -15.0078125"
